What,0,1,2,3,4,5,6,7,8,9,10,11,12,13,14,15,16,17,18,19,20,21,22,23,24,25,26,27,28,29,30,31,32,33,34,35,36,37,38,39,40,41,42,43,44,45,46,47,48,49,UTC Date
Wiki trends,Jake Paul,Nate Robinson,Mike Tyson,Roy Jones Jr.,Diego Maradona,Mike Tyson vs. Roy Jones Jr.,David Prowse,"Princess Margaret, Countess of Snowdon",Elizabeth II,Donald Trump,Papa Bouba Diop,Logan Paul,The Queen's Gambit (miniseries),"Diana, Princess of Wales",Margaret Thatcher,Tony Hsieh,Bible,"Charles, Prince of Wales","Prince Philip, Duke of Edinburgh",The Undoing (miniseries),Halo (safety device),Ruthie Henshall,Anya Taylor-Joy,Virgin River (TV series),"Anne, Princess Royal",Deaths in 2020,George VI,The Mandalorian,The Crown (TV series),Snoop Dogg,"Camilla, Duchess of Cornwall",Don't Mess with Texas,Edward VIII,Tenet (film),Lina Medina,UFC on ESPN: Smith vs. Clark,Winston Churchill,2020 United States presidential election,"Prince Edward, Earl of Wessex",Edinson Cavani,"Louis Mountbatten, 1st Earl Mountbatten of Burma",Phil Hartman,Kendall Hinton,Keanu Reeves,XXXX,Kurt Russell,"Prince Andrew, Duke of York",Rosario Dawson,James Earl Jones,Badou Jack,2020-11-29
Wiki trends,The Undoing (miniseries),Donald Trump,Diego Maradona,"Princess Margaret, Countess of Snowdon",Elizabeth II,Bible,Neera Tanden,Jake Paul,The Queen's Gambit (miniseries),"Diana, Princess of Wales",Halo (safety device),Margaret Thatcher,Papa Bouba Diop,"Charles, Prince of Wales","Prince Philip, Duke of Edinburgh",Nate Robinson,Deaths in 2020,David Prowse,Priapus,Jen Psaki,Mike Tyson,2020 United States presidential election,Saint Andrew's Day,Anya Taylor-Joy,Virgin River (TV series),George VI,"Anne, Princess Royal",Utah monolith,The Mandalorian,The Crown (TV series),"Camilla, Duchess of Cornwall",Tenet (film),Edward VIII,XXXX,Winston Churchill,Tony Hsieh,Sheetal Amte,Keanu Reeves,Microsoft Office,"Louis Mountbatten, 1st Earl Mountbatten of Burma","Prince Edward, Earl of Wessex",Rosario Dawson,Ruthie Henshall,Logan Paul,"Prince Andrew, Duke of York",Joe Biden,Patrick Mahomes,Cleopatra,Neelam Kothari,Harshad Mehta,2020-11-30
Wiki trends,Special:Search,Emma Portner,Ellen Page,The Undoing (miniseries),Bible,Donald Trump,Neera Tanden,"Princess Margaret, Countess of Snowdon",Elizabeth II,The Queen's Gambit (miniseries),Diego Maradona,"Diana, Princess of Wales",Margaret Thatcher,"Charles, Prince of Wales",Deaths in 2020,"Prince Philip, Duke of Edinburgh",2020 United States presidential election,Arecibo Observatory,Juno (film),Janet Yellen,Jake Paul,Anya Taylor-Joy,DK Metcalf,Keanu Reeves,Microsoft Office,XXXX,Virgin River (TV series),George VI,Utah monolith,"Anne, Princess Royal",The Crown (TV series),The Mandalorian,Caoimhín Kelleher,"Camilla, Duchess of Cornwall",Edward VIII,Tenet (film),Tutankhamun's meteoric iron dagger,List of multinational festivals and holidays,Winston Churchill,F5 Networks,Mike Tyson,Cleopatra,"Louis Mountbatten, 1st Earl Mountbatten of Burma",József Szájer,Nate Robinson,Rosario Dawson,Jessica Plummer,Scott Atlas,Joe Biden,Neelam Kothari,2020-12-01
Wiki trends,Special:Search,Ellen Page,Emma Portner,Elizabeth II,Donald Trump,"Princess Margaret, Countess of Snowdon",The Undoing (miniseries),The Queen's Gambit (miniseries),Pat Patterson (wrestler),Bible,Margaret Thatcher,Juno (film),"Diana, Princess of Wales",Deaths in 2020,Transgender,"Charles, Prince of Wales","Prince Philip, Duke of Edinburgh",Diego Maradona,Utah monolith,2020 United States presidential election,Arecibo Observatory,Juice Wrld,XXXX,Microsoft Office,Anya Taylor-Joy,Curry,George VI,"Anne, Princess Royal",Virgin River (TV series),Haast's eagle,Pfizer,Robert Griffin III,The Mandalorian,The Crown (TV series),F5 Networks,Keanu Reeves,Neera Tanden,"Camilla, Duchess of Cornwall",Edward VIII,The Umbrella Academy (TV series),József Szájer,Cleopatra,Federal pardons in the United States,Tenet (film),YouTube,Michael Schumacher,Winston Churchill,T. Natarajan,Tashkent Declaration,2020–21 UEFA Champions League,2020-12-02
Wiki trends,Elliot Page,Mahashay Dharampal Gulati,Taylor Dayne,Tori Kelly,Elizabeth II,"Princess Margaret, Countess of Snowdon",Ellen Page,The Queen's Gambit (miniseries),Donald Trump,Emma Portner,MDH (spice company),Deaths in 2020,"Diana, Princess of Wales",Valéry Giscard d'Estaing,Margaret Thatcher,The Undoing (miniseries),The Masked Singer (American season 4),"Charles, Prince of Wales",John Wall,"Prince Philip, Duke of Edinburgh",Bible,XXXX,LiAngelo Ball,2020 United States presidential election,1975 Banqiao Dam failure,Anya Taylor-Joy,Microsoft Office,Dolly Parton,Diego Maradona,Pat Patterson (wrestler),XXX (2002 film),Russell Westbrook,Sting (wrestler),Tenet (film),George VI,The Mandalorian,Jonathan Van-Tam,Hugh Keays-Byrne,"Anne, Princess Royal",F5 Networks,Virgin River (TV series),The Crown (TV series),YouTube,List of footballers with 500 or more goals,Goo Goo Dolls,Cleopatra,Edward VIII,Olivier Giroud,"Camilla, Duchess of Cornwall",Arecibo Observatory,2020-12-03
Wiki trends,Elliot Page,Giovanna Fletcher,Elizabeth II,"Princess Margaret, Countess of Snowdon",Donald Trump,The Mandalorian,The Queen's Gambit (miniseries),Jordan North,Selena,Deaths in 2020,"Diana, Princess of Wales",Bible,Tenet (film),Margaret Thatcher,Greater Hyderabad Municipal Corporation,The Mandalorian (season 2),The Undoing (miniseries),"Charles, Prince of Wales","Prince Philip, Duke of Edinburgh",2020 United States presidential election,XXXX,Vernon Kay,Anya Taylor-Joy,Arecibo Observatory,Tom Fletcher,Diego Maradona,XXX (2002 film),Mank,George VI,Cleopatra,Tori Kelly,"Anne, Princess Royal",F5 Networks,Microsoft Office,The Crown (TV series),Taylor Dayne,Edward VIII,Gitanjali Rao (scientist),Dolly Parton,The Flight Attendant (miniseries),Cyberpunk 2077,"Camilla, Duchess of Cornwall",Virgin River (TV series),YouTube,Joe Biden,Winston Churchill,The Matrix 4,Alyssa Farah,Emma Portner,Ellen Page,2020-12-04
Wiki trends,European Union,Selena,Elizabeth II,"Princess Margaret, Countess of Snowdon",Elliot Page,The Queen's Gambit (miniseries),Donald Trump,The Mandalorian,Tenet (film),A.B. Quintanilla,Bible,Giovanna Fletcher,"Diana, Princess of Wales",Mank,Margaret Thatcher,Deaths in 2020,The Undoing (miniseries),"Prince Philip, Duke of Edinburgh","Charles, Prince of Wales",Anya Taylor-Joy,The Mandalorian (season 2),Mulan (2020 film),Yolanda Saldívar,Christian Serratos,2020 United States presidential election,Herman J. Mankiewicz,XXXX,Chris Pérez,Big Mouth (TV series),George VI,Selena: The Series,David Lander,Boba Fett,"Anne, Princess Royal",Freaky (film),Cleopatra,XXX (2002 film),Edward VIII,Diego Maradona,The Crown (TV series),Cyberpunk 2077,Winston Churchill,"Camilla, Duchess of Cornwall",Virgin River (TV series),"Louis Mountbatten, 1st Earl Mountbatten of Burma",Citizen Kane,Ranvir Singh,Abraham Quintanilla,The Flight Attendant (miniseries),Harshad Mehta,2020-12-05
Wiki trends,Selena,2020 Mnet Asian Music Awards,"Princess Margaret, Countess of Snowdon",Elizabeth II,David Lander,Donald Trump,The Queen's Gambit (miniseries),Amy Dowden,Tenet (film),A.B. Quintanilla,"Diana, Princess of Wales",Margaret Thatcher,"Prince Philip, Duke of Edinburgh","Charles, Prince of Wales",Deaths in 2020,Bible,The Undoing (miniseries),The Mandalorian,George Russell (racing driver),United States v. Kane,Attack on Titan (season 4),Elliot Page,Errol Spence Jr.,Anya Taylor-Joy,UFC on ESPN: Hermansson vs. Vettori,Yolanda Saldívar,Chris Pérez,Danny García,Mank,Morgan Wallen,2020 United States presidential election,Saint Nicholas Day,Mulan (2020 film),Christian Serratos,XXXX,Herman J. Mankiewicz,Jason Bateman,George VI,Rudy Giuliani,Japanese name,Marvin Vettori,2020 Formula One World Championship,Dolly Parton,Cyberpunk 2077,"Anne, Princess Royal",Edward VIII,The Crown (TV series),Sergio Pérez,Cleopatra,Winston Churchill,2020-12-06
Wiki trends,Kelly Loeffler,Selena,Logan Paul,Dolly Parton,Charles Whitman,Natalie Desselle-Reid,Donald Trump,Elizabeth II,"Princess Margaret, Countess of Snowdon",Cyberpunk 2077,The Queen's Gambit (miniseries),Floyd Mayweather Jr.,Deaths in 2020,Rudy Giuliani,Bible,NXT TakeOver: WarGames (2020),Attack on Pearl Harbor,"Diana, Princess of Wales",Xavier Becerra,Margaret Thatcher,Bob Dylan,"Prince Philip, Duke of Edinburgh","Charles, Prince of Wales",Tenet (film),The Mandalorian,Anya Taylor-Joy,A.B. Quintanilla,2020 United States presidential election,The Undoing (miniseries),Jeffrey Sprecher,Attack on Titan (season 4),Jake Paul,XXXX,Patrick Mahomes,Daisy Coleman,Elliot Page,Google,Drew Lock,XXX (2002 film),National Pearl Harbor Remembrance Day,Yolanda Saldívar,Sunitha Upadrashta,Chris Pérez,2022 FIFA World Cup qualification (UEFA),Microsoft Office,Cleopatra,George VI,F5 Networks,École Polytechnique massacre,M26 grenade,2020-12-07
Wiki trends,Chuck Yeager,Lloyd Austin,John Lennon,Cyberpunk 2077,Selena,Donald Trump,Natalie Desselle-Reid,Mark David Chapman,Elizabeth II,"Princess Margaret, Countess of Snowdon",Deaths in 2020,Bible,The Queen's Gambit (miniseries),Murder of John Lennon,Liberty (dog),2020 Ghanaian general election,Microsoft Office,Margaret Thatcher,"Diana, Princess of Wales",Tenet (film),"Prince Philip, Duke of Edinburgh",2020 United States presidential election,"Charles, Prince of Wales",List of MPs elected in the 2020 Ghanaian general election,Kelly Loeffler,XXXX,Google,Josh Allen (quarterback),Logan Paul,Daisy Coleman,Anya Taylor-Joy,The Mandalorian,Bob Dylan,Cleopatra,XXX (2002 film),F5 Networks,The Undoing (miniseries),Pfizer,Rebekah Jones,A.B. Quintanilla,Rashida Jones,Yolanda Saldívar,George VI,Juice Wrld,Dominique Strauss-Kahn,YouTube,Gwen Stefani,Elliot Page,Elon Musk,"Anne, Princess Royal",2020-12-08
Wiki trends,V. J. Chitra,Cyberpunk 2077,Donald Trump,Selena,Chuck Yeager,Lloyd Austin,Elizabeth II,"Princess Margaret, Countess of Snowdon",Deaths in 2020,Bible,The Queen's Gambit (miniseries),Battle of Antietam,John Lennon,Google,Elon Musk,Eric Swalwell,Untitled Spider-Man: Far From Home sequel,2020 United States presidential election,Microsoft Office,2020–21 UEFA Champions League,"Prince Philip, Duke of Edinburgh","Diana, Princess of Wales","Charles, Prince of Wales",XXXX,Margaret Thatcher,Mark David Chapman,The Chinese Restaurant,Cleopatra,Anya Taylor-Joy,Tenet (film),F5 Networks,"Anne, Princess Royal",List of MPs elected in the 2020 Ghanaian general election,The Mandalorian,XXX (2002 film),Dominique Strauss-Kahn,Murder of John Lennon,Cristiano Ronaldo,Sikkim,Rita Levi-Montalcini,George VI,YouTube,The Undoing (miniseries),2020 Ghanaian general election,Yolanda Saldívar,1900 Galveston hurricane,UEFA Champions League,Pfizer,Edward VIII,Richard Jewell,2020-12-09
Wiki trends,W. Arthur Lewis,Cyberpunk 2077,Paolo Rossi,Donald Trump,Selena,Shobha Ram Kumawat,Elizabeth II,Hanukkah,"Princess Margaret, Countess of Snowdon",Deaths in 2020,The Queen's Gambit (miniseries),Bible,Microsoft Office,V. J. Chitra,Eric Swalwell,Elon Musk,Google,Cleopatra,Richard Jewell,XXXX,Taylor Swift,"Diana, Princess of Wales","Prince Philip, Duke of Edinburgh",2020 United States presidential election,"Charles, Prince of Wales",Margaret Thatcher,Evermore (Taylor Swift album),Nelson Dilipkumar,Eric Rudolph,Death of Cleopatra,SpaceX Starship,Anya Taylor-Joy,CD Projekt,Battle of Antietam,F5 Networks,Sikkim,The Mandalorian,Sanjay Leela Bhansali,True Beauty (South Korean TV series),Tenet (film),Dominique Strauss-Kahn,"Anne, Princess Royal",George VI,2020–21 UEFA Europa League,Edward VIII,Katherine Tai,XXX (2002 film),Untitled Spider-Man: Far From Home sequel,YouTube,Yolanda Saldívar,2020-12-10
Wiki trends,Tom Lister Jr.,Barbara Windsor,Cyberpunk 2077,Evermore (Taylor Swift album),Time Person of the Year,Ronnie Knight,Hanukkah,Gorr the God Butcher,The Mandalorian,The Game Awards 2020,Taylor Swift,Deaths in 2020,Elizabeth II,Bible,Donald Trump,Kim Ki-duk,"Princess Margaret, Countess of Snowdon",Selena,The Queen's Gambit (miniseries),Cleopatra,Richard Jewell,Microsoft Office,Zodiac Killer,The Mandalorian (season 2),Eric Rudolph,Kubrat Pulev,Google,Hayden Christensen,XXXX,Man on the Moon III: The Chosen,Waldemar Haffkine,Donald Crowhurst,"Diana, Princess of Wales",Sid James,"Prince Philip, Duke of Edinburgh",Folklore (Taylor Swift album),Marvel Cinematic Universe,"Charles, Prince of Wales",2020 United States presidential election,Marvel Cinematic Universe: Phase Four,Loki (TV series),Margaret Thatcher,W. Arthur Lewis,Anya Taylor-Joy,FKA Twigs,Paolo Rossi,Shia LaBeouf,True Beauty (South Korean TV series),List of Marvel Cinematic Universe films,London Beer Flood,2020-12-11
Wiki trends,Zodiac Killer,Cyberpunk 2077,Kubrat Pulev,Tom Lister Jr.,Charley Pride,Anthony Joshua,Donald Trump,Elizabeth II,The Mandalorian,Time Person of the Year,The Queen's Gambit (miniseries),"Princess Margaret, Countess of Snowdon",Richard Jewell,Bible,Selena,Shia LaBeouf,Deaths in 2020,Barbara Windsor,Eric Rudolph,Evermore (Taylor Swift album),The Prom (film),FKA Twigs,Cleopatra,Hughie Fury,Army–Navy Game,"Prince Philip, Duke of Edinburgh",Tenet (film),Anya Taylor-Joy,The Mandalorian (season 2),XXXX,"Diana, Princess of Wales",Bill Bailey,"Charles, Prince of Wales",Taylor Swift,Margaret Thatcher,Hanukkah,2020 United States presidential election,Ava (2020 film),Rage (King novel),Google,Anthony Joshua vs. Kubrat Pulev,Gina Carano,UFC 256,Sikkim,Tyson Fury,Alice in Borderland,Durgamati,The Prom (musical),Safety (2020 film),Pedro Pascal,2020-12-12
Wiki trends,Timothée Chalamet,UFC 256,Charley Pride,Cyberpunk 2077,Zodiac Killer,Anthony Joshua,Joseph Epstein (writer),Elizabeth II,Richard Jewell,Bruce Springsteen,The Queen's Gambit (miniseries),"Princess Margaret, Countess of Snowdon",Bee Gees,Eric Rudolph,Bible,List of inventors killed by their own inventions,Barry Gibb,Selena,The Scorpion and the Frog,Charles Oliveira,Deaths in 2020,Donald Trump,Die Hard,Cleopatra,Time Person of the Year,Maurice Gibb,The Mandalorian,Kevin Holland (fighter),Andy Gibb,The Prom (film),Robin Gibb,Kubrat Pulev,Tyson Fury,"Prince Philip, Duke of Edinburgh",Anya Taylor-Joy,Tenet (film),"Charles, Prince of Wales","Diana, Princess of Wales",Margaret Thatcher,Shia LaBeouf,XXXX,Alice in Borderland,Chris Rea,Tony Ferguson,Jill Biden,E Street Band,Des O'Connor,Sikkim,2020 Formula One World Championship,Barbara Windsor,2020-12-13
Wiki trends,Mirza Masroor Ahmad,Ahmadiyya Caliphate,Gérard Houllier,John le Carré,Cyberpunk 2077,Timothée Chalamet,2020 United States presidential election,Talen Horton-Tucker,Joseph Epstein (writer),Deaths in 2020,Elizabeth II,Donald Trump,List of caliphs,Bible,Jill Biden,The Queen's Gambit (miniseries),Richard Jewell,"Princess Margaret, Countess of Snowdon",Eric Rudolph,Cleopatra,Charley Pride,Sandy Hook Elementary School shooting,YouTube,United States Electoral College,Zodiac Killer,Josh Allen (quarterback),Selena,The Mandalorian,Shia LaBeouf,Emma Chambers,XXXX,Microsoft Office,"Prince Philip, Duke of Edinburgh",Alice in Borderland,"Charles, Prince of Wales",Margaret Thatcher,"Diana, Princess of Wales",Anya Taylor-Joy,Eswatini,Sikkim,Tenet (film),Bee Gees,The Prom (film),F5 Networks,Joe Biden,Ben Roethlisberger,Caliphate,Google,Evermore (Taylor Swift album),Robert F. Kennedy Jr,2020-12-14
Wiki trends,Mirza Masroor Ahmad,Ann Reinking,2020 United States presidential election,Ahmadiyya Caliphate,Zooey Deschanel,Cyberpunk 2077,Donald Trump,Deaths in 2020,Bible,Jill Biden,Elizabeth II,Cleopatra,Jake Paul,The Queen's Gambit (miniseries),"Princess Margaret, Countess of Snowdon",Eric Rudolph,Richard Jewell,Joe Biden,List of caliphs,Gérard Houllier,XXXX,William Barr,The Mandalorian,Sandy Hook Elementary School shooting,Jeffrey A. Rosen,Alice in Borderland,John le Carré,Anya Taylor-Joy,Selena,"Prince Philip, Duke of Edinburgh",Peter Nygård,Tenet (film),Margaret Thatcher,F5 Networks,"Charles, Prince of Wales","Diana, Princess of Wales",2016 United States presidential election,Emma Chambers,Baker Mayfield,Timothée Chalamet,United States Electoral College,Microsoft Office,Wonder Woman 1984,Pete Buttigieg,YouTube,United States Secretary of Transportation,Logan Paul,Sikkim,Robert F. Kennedy Jr,Gal Gadot,2020-12-15
Wiki trends,MacKenzie Scott,Mirza Masroor Ahmad,Bible,Deaths in 2020,Donald Trump,Wonder Woman 1984,Cyberpunk 2077,Jeff Bezos,Pete Buttigieg,Sam Allardyce,Elizabeth II,Cleopatra,Richard Jewell,The Queen's Gambit (miniseries),Eric Rudolph,"Princess Margaret, Countess of Snowdon",Tenet (film),2020 United States presidential election,Peter Sutcliffe,Jennifer Granholm,XXXX,Jake Paul,Elaine Chao,Zooey Deschanel,2015 Kerala local body elections,Lauren Daigle,Tom Cruise,Mitch McConnell,2020 Kerala local body elections,Selena,The Mandalorian,Ann Reinking,"Prince Philip, Duke of Edinburgh",F5 Networks,Alice in Borderland,Peter Nygard,Anya Taylor-Joy,"Diana, Princess of Wales","Charles, Prince of Wales",George VI,Margaret Thatcher,Oscar Pistorius,Giannis Antetokounmpo,YouTube,Ludwig van Beethoven,True Beauty (South Korean TV series),Joe Biden,Microsoft Office,The Twelve Days of Christmas (song),Gwen Stefani,2020-12-16
Wiki trends,Peter Sutcliffe,LeAnn Rimes,Aloe Blacc,The Masked Singer (American season 4),Deaths in 2020,Elizabeth II,Cleopatra,Selena,Joseph Palmer (communard),Bible,MacKenzie Scott,Nick Carter (musician),The Queen's Gambit (miniseries),Richard Jewell,"Princess Margaret, Countess of Snowdon",Cyberpunk 2077,Eric Rudolph,Wonder Woman 1984,The Masked Singer (American TV series),Lorenzo Taliaferro,XXXX,The Mandalorian,Tenet (film),Mirza Masroor Ahmad,Microsoft Office,Brigitte Macron,Deb Haaland,The Stand (2020 miniseries),Kid Rock,2020 United States presidential election,Margaret Thatcher,"Prince Philip, Duke of Edinburgh",F5 Networks,Jeff Bezos,"Charles, Prince of Wales",Jeremy Bulloch,True Beauty (South Korean TV series),The Twelve Days of Christmas (song),"Diana, Princess of Wales",Alice in Borderland,Anya Taylor-Joy,Narendra Modi,Emmanuel Macron,YouTube,Year 3000,Jill Biden,Elon Musk,Ahmadiyya Caliphate,Donald Trump,Pete Buttigieg,2020-12-17
Wiki trends,The Mandalorian,Peter Sutcliffe,The Mandalorian (season 2),Cyberpunk 2077,Marcus Mariota,Elephant cognition,Deaths in 2020,Bible,Cleopatra,Deb Haaland,Chapter 16: The Rescue,Elizabeth II,Ma Rainey,The Queen's Gambit (miniseries),Dolly Parton,Jeremy Bulloch,Wonder Woman 1984,"Princess Margaret, Countess of Snowdon",Neha Kakkar,Hayley Atwell,XXXX,Jill Biden,Tenet (film),Eric Rudolph,Paava Kadhaigal,Richard Jewell,Justin Herbert,The Twelve Days of Christmas (song),Music to Be Murdered By,Eminem,LeAnn Rimes,Joe Biden,The Stand (2020 miniseries),Chauvet Cave,Joselyn Cano,Microsoft Office,"Diana, Princess of Wales",Kengir uprising,Margaret Thatcher,"Prince Philip, Duke of Edinburgh",True Beauty (South Korean TV series),F5 Networks,Anya Taylor-Joy,"Charles, Prince of Wales",The Flight Attendant (miniseries),Boba Fett,Pedro Pascal,YouTube,Billie Eilish,Alice in Borderland,2020-12-18
Wiki trends,The Mandalorian,Ma Rainey,Peter Sutcliffe,Carp,Popcorn Sutton,The Mandalorian (season 2),Paul McCartney,Bill Bailey,Bible,Deaths in 2020,Elizabeth II,Paava Kadhaigal,Ma Rainey's Black Bottom (film),Cleopatra,Cyberpunk 2077,Tenet (film),The Queen's Gambit (miniseries),Sweet Home (TV series),"Princess Margaret, Countess of Snowdon",Canelo Álvarez,Gennady Golovkin,Richard Jewell,"Diana, Princess of Wales",Nick Cordero,Eric Rudolph,Pedro Pascal,XXXX,Bret Bielema,Wonder Woman 1984,Microsoft Office,Hrvy,Bessie Smith,"Charles, Prince of Wales",Chadwick Boseman,"Prince Philip, Duke of Edinburgh",Caesar's Comet,Oti Mabuse,Margaret Thatcher,Alice in Borderland,Anya Taylor-Joy,Jon Favreau,Grogu,UFC Fight Night: Thompson vs. Neal,Callum Smith,Gina Carano,Strictly Come Dancing,Chapter 16: The Rescue,Macaulay Culkin,Love Actually,Bee Gees,2020-12-19
Wiki trends,Canelo Álvarez,Dua Lipa,Peter Sutcliffe,Ma Rainey,Kristen Wiig,The Mandalorian,Sudan (rhinoceros),Göran Kropp,UFC Fight Night: Thompson vs. Neal,Callum Smith,Deaths in 2020,Elizabeth II,The Queen's Gambit (miniseries),Popcorn Sutton,Sweet Home (TV series),Tenet (film),Cleopatra,"Princess Margaret, Countess of Snowdon",Bible,Ariana Grande,Ma Rainey's Black Bottom (film),Eddie Izzard,Martial law,Paava Kadhaigal,Stephen Thompson (fighter),Frank Abagnale,Cyberpunk 2077,"TLC: Tables, Ladders & Chairs (2020)",Eric Rudolph,Zooey Deschanel,Martial law in the United States,Bigg Boss (Tamil season 4),Inughuit,Richard Jewell,Wonder Woman 1984,Murder of Junko Furuta,Bigg Boss (Telugu season 4),Mamdouh Elssbiay,XXXX,The Mandalorian (season 2),"Prince Philip, Duke of Edinburgh",Alice in Borderland,"Diana, Princess of Wales",Bill Bailey,"Charles, Prince of Wales",Margaret Thatcher,Anya Taylor-Joy,Paul McCartney,Bessie Smith,Vera-Ellen,2020-12-20
Wiki trends,"TLC: Tables, Ladders & Chairs (2020)",Peter Sutcliffe,Inughuit,Kevin Greene (American football),Great conjunction,The Mandalorian,The Sound of Music (film),Winter solstice,Ariana Grande,Dua Lipa,Ma Rainey,Eddie Izzard,Deaths in 2020,Colt McCoy,Martin Shkreli,Cleopatra,The Queen's Gambit (miniseries),Star of Bethlehem,Elizabeth II,Christopher Plummer,Wonder Woman 1984,Elliot Page,Bible,Sweet Home (TV series),Julie Andrews,Kristen Wiig,"Princess Margaret, Countess of Snowdon",Pan Am Flight 103,Charmian Carr,Maria von Trapp,Tenet (film),Jon Favreau,Garth Brooks,Age of Aquarius,Paava Kadhaigal,Patrick Mahomes,XXXX,The Mandalorian (season 2),Cyberpunk 2077,Jurassic Park (film),Eric Rudolph,Canelo Álvarez,Richard Jewell,Georg von Trapp,Trisha Yearwood,"Diana, Princess of Wales",Gal Gadot,"Prince Philip, Duke of Edinburgh",Anya Taylor-Joy,Ma Rainey's Black Bottom (film),2020-12-21
Wiki trends,Kevin Greene (American football),Ball's Pyramid,Peter Sutcliffe,Srinivasa Ramanujan,Milka,Deaths in 2020,The Mandalorian,Great conjunction,John Mulaney,Alex Padilla,Bible,Cleopatra,K. T. Oslin,Ariana Grande,Elizabeth II,Ryan Finley (American football),Ma Rainey,The Queen's Gambit (miniseries),Zooey Deschanel,Sweet Home (TV series),Meghan Trainor,Microsoft Office,Star of Bethlehem,Sister Abhaya murder case,"Princess Margaret, Countess of Snowdon",Wonder Woman 1984,Martin Shkreli,Dua Lipa,XXXX,Number 16 (spider),Allison Janney,Tenet (film),Paava Kadhaigal,Bernard Cribbins,Eric Rudolph,Richard Jewell,Eddie Izzard,Cyberpunk 2077,"Prince Philip, Duke of Edinburgh",Ken Jennings,Elliot Page,Narendra Modi,Anya Taylor-Joy,"Diana, Princess of Wales",Sơn Tùng M-TP,"Charles, Prince of Wales",Coming 2 America,Winter solstice,Margaret Thatcher,YouTube,2020-12-22
Wiki trends,Stella Tennant,Meghalaya,The Midnight Sky,Festivus,Nisour Square massacre,Peter Sutcliffe,Deaths in 2020,Cleopatra,Bible,The Mandalorian,Tibs the Great,Sugathakumari,Bryan Harsin,Wonder Woman 1984,Narendra Modi,Tayshia Adams,Elizabeth II,Kevin Greene (American football),The Queen's Gambit (miniseries),Sweet Home (TV series),"Princess Margaret, Countess of Snowdon",Alex Padilla,Microsoft Office,Sister Abhaya murder case,XXXX,Ma Rainey,Ariana Grande,Queen Victoria,Miguel Cardona,Coming 2 America,Tenet (film),True Beauty (South Korean TV series),List of people granted executive clemency by Donald Trump,Kirk Cameron,Christmas,Richard Jewell,Eric Rudolph,Anya Taylor-Joy,Macaulay Culkin,After We Collided,"Prince Philip, Duke of Edinburgh",Love Actually,"Charles, Prince of Wales",YouTube,"Diana, Princess of Wales",Lionel Messi,Milka,Paava Kadhaigal,File:Antenna TV logo.svg,Sơn Tùng M-TP,2020-12-23
Wiki trends,The Midnight Sky,Charles Kushner,Stella Tennant,Narendra Modi,Christmas,Microsoft Office,Deaths in 2020,Cleopatra,Wonder Woman 1984,Dolly Parton,Santa Claus,Macaulay Culkin,Bible,It's a Wonderful Life,Peter Sutcliffe,The Mandalorian,Elizabeth II,Leslie West,Festivus,The Queen's Gambit (miniseries),Anya Taylor-Joy,Home Alone,List of people granted executive clemency by Barack Obama,International Space Station,The Nightmare Before Christmas,Nisour Square massacre,XXXX,Vera-Ellen,Sweet Home (TV series),Bing Crosby,Love Actually,Rebecca Luker,James Stewart,George Clooney,Gal Gadot,Christmas Eve,"Princess Margaret, Countess of Snowdon",Zooey Deschanel,Gunner (dog),Kirk Cameron,North Pole,Tenet (film),List of people granted executive clemency by Donald Trump,Ma Rainey,The Polar Express (film),Mauricio Pochettino,Angus Deayton,Rosemary Clooney,Roald Dahl,"Moscow, Russia",2020-12-24
Wiki trends,Wonder Woman 1984,The Midnight Sky,It's a Wonderful Life,A Christmas Story,Soul (2020 film),James Stewart,Macaulay Culkin,Christmas,Vera-Ellen,Donna Reed,North Pole,Bridgerton,Peter Billingsley,Bing Crosby,Santa Claus,Elizabeth II,Deaths in 2020,Bible,Cape Cod Air Force Station,George Michael,Rosemary Clooney,Gal Gadot,Home Alone,Cleopatra,White Christmas (film),National Lampoon's Christmas Vacation,Melinda Dillon,Coolie No. 1 (2020 film),Danny Kaye,Boxing Day,Playboi Carti,The Mandalorian,Narendra Modi,Darren McGavin,Space Tracking and Surveillance System,"New York City, New York",Anil Nedumangad,Love Actually,Stella Tennant,Michael Alig,"Washington, D.C.",The Queen's Gambit (miniseries),2020 Nashville bombing,Tenet (film),Chitty Chitty Bang Bang,Pedro Pascal,George Clooney,Die Hard,Wonder Woman (2017 film),Alan Rickman,2020-12-25
Wiki trends,Wonder Woman 1984,Soul (2020 film),Boxing Day,Bridgerton,The Midnight Sky,Gal Gadot,George Blake,Regé-Jean Page,Maxwell Lord,Cheetah (character),Pedro Pascal,Wonder Woman (2017 film),Kwanzaa,Elizabeth II,Deaths in 2020,Lynda Carter,Bible,Kristen Wiig,Cleopatra,The Mandalorian,Macaulay Culkin,Zoo hypothesis,Motion capture,It's a Wonderful Life,The Queen's Gambit (miniseries),John Travolta,Chris Pine,Alvin Kamara,Phoebe Dynevor,Tito Rojas,"Princess Margaret, Countess of Snowdon",Tenet (film),Michael Alig,Grease (film),Peter Sutcliffe,James Stewart,"Prince Philip, Duke of Edinburgh",A Christmas Story,Sweet Home (TV series),Olivia Newton-John,Coolie No. 1 (2020 film),XXXX,Victoria Wood,Charlotte of Mecklenburg-Strelitz,2020 Nashville bombing,Wonder Woman,Judy Garland,Kevin Greene (American football),Dunkirk (2017 film),Ma Rainey,2020-12-26
Wiki trends,Brodie Lee,Wonder Woman 1984,Bridgerton,Soul (2020 film),The Midnight Sky,Regé-Jean Page,Gal Gadot,Kwanzaa,Pedro Pascal,Boxing Day,Deaths in 2020,Elizabeth II,Ryan Fitzpatrick,Phoebe Dynevor,Bible,Maxwell Lord,The Queen's Gambit (miniseries),Cheetah (character),Wonder Woman (2017 film),Perpetual stew,The Mandalorian,The Sound of Music (film),Cleopatra,"Princess Margaret, Countess of Snowdon",Charlotte of Mecklenburg-Strelitz,Julie Andrews,Black Narcissus,Peter Sutcliffe,Eddie the Eagle,Kristen Wiig,Tenet (film),Annie Oakley,Tony Rice,"Prince Philip, Duke of Edinburgh",2020 Nashville bombing,Lynda Carter,Christopher Plummer,George Blake,Margaret Thatcher,Julia Quinn,Phil Niekro,Kelly Preston,Sweet Home (TV series),"Charles, Prince of Wales",XXXX,Michael Alig,Chris Pine,Anya Taylor-Joy,"Diana, Princess of Wales",Ma Rainey,2020-12-27
Wiki trends,Wonder Woman 1984,Bridgerton,Bob the Railway Dog,Soul (2020 film),Regé-Jean Page,Dwayne Haskins,Hilaria Baldwin,Brodie Lee,The Midnight Sky,Gal Gadot,Deaths in 2020,Elizabeth II,Bible,Alec Baldwin,2020 Nashville bombing,Phoebe Dynevor,The Queen's Gambit (miniseries),"Princess Margaret, Countess of Snowdon",Cleopatra,Pedro Pascal,The Mandalorian,Charlotte of Mecklenburg-Strelitz,Peter Sutcliffe,Aaron Rodgers,Wonder Woman (2017 film),"Prince Philip, Duke of Edinburgh",Macaulay Culkin,Black Narcissus,Kwanzaa,Armando Manzanero,Cheetah (character),Tenet (film),2021 PDC World Darts Championship,XXXX,Maxwell Lord,Billy Connolly,"Charles, Prince of Wales",Phil Niekro,Anya Taylor-Joy,Julia Quinn,Margaret Thatcher,Kristen Wiig,"Diana, Princess of Wales",Death to 2020,Sweet Home (TV series),Microsoft Office,Jonathan Bailey (actor),Taylor Heinicke,Globe Soccer Awards,Claudia Jessie,2020-12-28
Wiki trends,Bridgerton,Wonder Woman 1984,"Burger King (Mattoon, Illinois)",Pierre Cardin,Hilaria Baldwin,Regé-Jean Page,Soul (2020 film),Josh Allen (quarterback),Gal Gadot,Deaths in 2020,Bible,The Midnight Sky,Elizabeth II,The Queen's Gambit (miniseries),Phoebe Dynevor,Alec Baldwin,Cleopatra,Mitch McConnell,"Princess Margaret, Countess of Snowdon",Dwayne Haskins,Wonder Woman (2017 film),Brodie Lee,The Mandalorian,2021 PDC World Darts Championship,George Clooney,2020 Nashville bombing,Charlotte of Mecklenburg-Strelitz,Pedro Pascal,"Prince Philip, Duke of Edinburgh",Peter Sutcliffe,XXXX,Max Hamburgers,Anya Taylor-Joy,"Charles, Prince of Wales",Cam Newton,Erich Kempka,Judy Garland,Margaret Thatcher,"Diana, Princess of Wales",Diego Costa,Tenet (film),Stefon Diggs,Justin Hartley,Black Narcissus,Microsoft Office,Emma Roberts,YouTube,Death to 2020,Dolly Parton,Julia Quinn,2020-12-29
Wiki trends,Elizabeth Peratrovich,Luke Letlow,Bridgerton,Dawn Wells,Wonder Woman 1984,Regé-Jean Page,Tina Louise,Mitch McConnell,Rocking chair,Soul (2020 film),Hilaria Baldwin,Deaths in 2020,Bible,The Queen's Gambit (miniseries),Elizabeth II,Patrick Swayze,Cleopatra,The Midnight Sky,Gal Gadot,Phoebe Dynevor,Pierre Cardin,Gilligan's Island,"Princess Margaret, Countess of Snowdon",2021 PDC World Darts Championship,Alec Baldwin,Bob Denver,Josh Hawley,Pranab Mukherjee,The Mandalorian,Shabba Doo,Charlotte of Mecklenburg-Strelitz,Section 230,XXXX,"Prince Philip, Duke of Edinburgh",Pedro Pascal,Tenet (film),George Clooney,Anya Taylor-Joy,Vikings (season 6),"Charles, Prince of Wales",Peter Sutcliffe,Casper (cat),Brodie Lee,2020 Nashville bombing,Margaret Thatcher,"Diana, Princess of Wales",Jonathan Pollard,YouTube,Russell Johnson,Alan Hale Jr.,2020-12-30
Wiki trends,MF Doom,Dawn Wells,Samuel Little,New Year's Eve,Bridgerton,Tina Louise,Deaths in 2020,Wonder Woman 1984,Brodie Lee,Gilligan's Island,Regé-Jean Page,Auld Lang Syne,Soul (2020 film),Bible,Bob Denver,New Year's Day,Sophie Ellis-Bextor,Hilaria Baldwin,MARAUDER,Becky Hammon,Cleopatra,Josh Hawley,Mitch McConnell,Elizabeth II,The Queen's Gambit (miniseries),Shabba Doo,Alicia Keys,Tommy Docherty,Gal Gadot,Elizabeth Peratrovich,Alan Hale Jr.,Russell Johnson,Phoebe Dynevor,The Midnight Sky,"Princess Margaret, Countess of Snowdon",Alec Baldwin,XXXX,The Mandalorian,Natalie Schafer,Lewis Hamilton,Jim Backus,Erick Rowan,Tenet (film),Vikings (season 6),"Prince Philip, Duke of Edinburgh",Spencer Rattler,New Year,Charlotte of Mecklenburg-Strelitz,Pedro Pascal,Death to 2020,2020-12-31
Wiki trends,MF Doom,Bridgerton,Auld Lang Syne,New Year's Day,Cyndi Lauper,Andy Cohen,En Vogue,Wonder Woman 1984,Róisín Murphy,Soul (2020 film),Cobra Kai,Anderson Cooper,Mariah Carey,Regé-Jean Page,Jennifer Lopez,New Year,Billy Porter (actor),Mike (cat),Bible,Doja Cat,Elizabeth II,The Queen's Gambit (miniseries),Noah Cyrus,Charles Sobhraj,Miley Cyrus,Deaths in 2021,Alicia Keys,Cleopatra,Leslie Jordan,The Midnight Sky,Gal Gadot,Pedro Pascal,Don Lemon,"Princess Margaret, Countess of Snowdon",Dawn Wells,Lewis Capaldi,Rick Wakeman,Phoebe Dynevor,Tenet (film),2021 Rose Bowl,2021 PDC World Darts Championship,Chilling Adventures of Sabrina (TV series),Son Ye-jin,The Serpent (TV series),Deaths in 2020,Mark Eden,Terry Ellis,The Mandalorian,Ryan Seacrest,Lucy Hale,2021-01-01
Wiki trends,Bridgerton,MF Doom,Cobra Kai,Steve Sarkisian,Trevor Lawrence (American football),Regé-Jean Page,Murder of Bobbie Jo Stinnett,Wonder Woman 1984,Gabi (dog),Soul (2020 film),Justin Fields,Elizabeth II,Charles Sobhraj,The Queen's Gambit (miniseries),Deaths in 2021,Cleopatra,"Princess Margaret, Countess of Snowdon",Bible,Phoebe Dynevor,Gillian McKeith,Ryan García,Cast Away,Dabo Swinney,Luke Campbell (boxer),Rob Garrison,Pedro Pascal,The Midnight Sky,Elisabeth Shue,Ralph Macchio,Gal Gadot,RuPaul's Drag Race (season 13),Tenet (film),Chilling Adventures of Sabrina (TV series),"Prince Philip, Duke of Edinburgh",William Zabka,The Mandalorian,Nick Saban,Ryan Day (American football),Trey Sermon,1971 Ibrox disaster,Anne-Marie,College Football Playoff,XXXX,Paul Westphal,Anya Taylor-Joy,"Charles, Prince of Wales",College Football Playoff National Championship,John Le Mesurier,2021 PDC World Darts Championship,Tom Herman,2021-01-02
Wiki trends,Bridgerton,Cobra Kai,Ryan García,Larry King,Laogai,Regé-Jean Page,Charles Sobhraj,Linda Ronstadt,EuroTrip,Wonder Woman 1984,Gerry Marsden,Luke Campbell (boxer),MF Doom,White tie,Soul (2020 film),Elizabeth II,Gerwyn Price,Steve Sarkisian,The Queen's Gambit (miniseries),Deaths in 2021,"Princess Margaret, Countess of Snowdon",Catherine the Great,Cleopatra,The Serpent (TV series),William Zabka,Bible,Ralph Macchio,Phoebe Dynevor,Elisabeth Shue,Gervonta Davis,Paul Westphal,Tasuku Honjo,"Prince Philip, Duke of Edinburgh",The Mandalorian,P. L. Travers,Zooey Deschanel,Murder of Bobbie Jo Stinnett,Gal Gadot,Chilling Adventures of Sabrina (TV series),Tenet (film),2021 Speaker of the United States House of Representatives election,XXXX,Anya Taylor-Joy,The Midnight Sky,"Charles, Prince of Wales",Nancy Pelosi,Pedro Pascal,Margaret Thatcher,Rob Garrison,Andy Gibb,2021-01-03
Wiki trends,Tanya Roberts,Alexi Laiho,Bridgerton,Olivia Wilde,Cobra Kai,Julian Assange,Bible,Alex Smith,Regé-Jean Page,Deaths in 2021,List of footballers with 500 or more goals,Jimmy Carter,Jack Ma,"2,000-yard club",Wonder Woman 1984,Elizabeth II,Cleopatra,Gerry Marsden,MF Doom,Children of Bodom,The Queen's Gambit (miniseries),Charles Sobhraj,Jason Sudeikis,Donald Trump,Soul (2020 film),Nancy Pelosi,Amen,"Princess Margaret, Countess of Snowdon",XXXX,William Zabka,List of tallest buildings,Nate Sudfeld,Phoebe Dynevor,Cristiano Ronaldo,John Roderick (musician),Derrick Henry,F5 Networks,Ralph Macchio,Brad Raffensperger,Jalen Hurts,Tasuku Honjo,2020 United States presidential election,The Mandalorian,Harry Styles,Glenda Jackson,"Prince Philip, Duke of Edinburgh",Wrestle Kingdom 15,Elisabeth Shue,Gerwyn Price,YouTube,2021-01-04
Wiki trends,Tanya Roberts,Olivia Wilde,Enrique Tarrio,Bridgerton,Kelly Loeffler,Cobra Kai,Bible,Proud Boys,Regé-Jean Page,Deaths in 2021,Alexi Laiho,Jason Sudeikis,Jack Ma,Harlow Shapley,Jon Ossoff,Cleopatra,Red Rocks Amphitheatre,Elizabeth II,Donald Trump,Shooting of Jacob Blake,Bernie Madoff,Charles Sobhraj,Colin Bell,Harry Styles,MF Doom,The Queen's Gambit (miniseries),Julian Assange,Matt James (television personality),Royal Rumble (2021),Wonder Woman 1984,The Penthouse: War in Life,XXXX,Phoebe Dynevor,"Princess Margaret, Countess of Snowdon",Amen,Tasuku Honjo,Ralph Macchio,Lauren Boebert,2020 United States presidential election,William Zabka,F5 Networks,Charles Ingram,Eric Jerome Dickey,Emma Stone,Soul (2020 film),Microsoft Office,YouTube,David Perdue,Epiphany (holiday),Stacey Abrams,2021-01-05
Wiki trends,Jon Ossoff,Kelly Loeffler,Raphael Warnock,Tanya Roberts,Twenty-fifth Amendment to the United States Constitution,David Perdue,Stacey Abrams,United States Capitol,Dr. Dre,Bridgerton,Mitch McConnell,United States Senate,Donald Trump,Merrick Garland,Jeffrey Sprecher,2020–21 United States Senate election in Georgia,2020–21 United States Senate special election in Georgia,2021 United States Capitol protests,Kim Kardashian,Jane Goodall,Enrique Tarrio,Olivia Wilde,Bible,Proud Boys,2020 United States presidential election,Antifa (United States),Regé-Jean Page,Cobra Kai,Epiphany (holiday),Gadsden flag,Deaths in 2021,2020 United States Senate elections,The Weeknd,Joe Biden,Cleopatra,DeVonta Smith,Johnny Isakson,Chuck Schumer,Insurrection Act of 1807,Georgia (U.S. state),Joe Manchin,Kanye West,Shooting of Jacob Blake,Elizabeth II,XXXX,2022 United States Senate elections,Colin Bell,Mike Pence,Jeffree Star,Nancy Pelosi,2021-01-06
Wiki trends,Twenty-fifth Amendment to the United States Constitution,Josh Hawley,Antifa (United States),QAnon,United States Capitol,Elon Musk,Donald Trump,Elaine Chao,2021 storming of the United States Capitol,Jon Ossoff,2021 United States Capitol protests,Mitch McConnell,U.S. state,Jeffree Star,Nancy Pelosi,Merrick Garland,Kelly Loeffler,Mitt Romney,Simla Agreement,Bridgerton,Mike Pence,Joe Biden,2020 United States presidential election,Bible,Ben Sasse,Jake Angeli,United States Senate,Chuck Schumer,Proud Boys,Ted Cruz,Adam Kinzinger,Deaths in 2021,Regé-Jean Page,War of 1812,Stacey Abrams,List of states and territories of the United States,Raphael Warnock,Burning of Washington,United States House of Representatives,Tanya Roberts,Cleopatra,Cobra Kai,Insurrection Act of 1807,Kamala Harris,2020 United States presidential election Electoral College count,United States Congress,Beer Hall Putsch,Banana republic,United States Capitol Police,The World's Billionaires,2021-01-07
Wiki trends,Elon Musk,2021 storming of the United States Capitol,QAnon,Twenty-fifth Amendment to the United States Constitution,Donald Trump,Josh Hawley,Antifa (United States),Elaine Chao,Bridgerton,Tommy Lasorda,Mitch McConnell,K.G.F: Chapter 2,Jeffree Star,Bible,Louie Barry,Jake Angeli,Pieces of a Woman,Nancy Pelosi,United States Capitol,David Bowie,Deaths in 2021,Regé-Jean Page,Betsy DeVos,Thomas Aikenhead,Joe Biden,Phoebe Dynevor,The World's Billionaires,Jon Ossoff,Cleopatra,Cobra Kai,Anya Taylor-Joy,2020 United States presidential election,Elvis Presley,Grimes (musician),XXXX,Marion Ramsey,Ted Cruz,Proud Boys,Signal (software),Mike Pence,Elizabeth II,The Queen's Gambit (miniseries),Jeff Bezos,Microsoft Office,Impeachment in the United States,Charles Sobhraj,Maara,K.G.F: Chapter 1,List of presidents of the United States,"Tesla, Inc.",2021-01-08
Wiki trends,Elon Musk,Parler,Donald Trump,QAnon,2021 storming of the United States Capitol,Bridgerton,Damnatio memoriae,Regé-Jean Page,Signal (software),Bible,Tommy Lasorda,Rodney Alcala,Perpetual stew,Antifa (United States),Pieces of a Woman,Pseudonyms of Donald Trump,Nancy Pelosi,Adam Pearce,Fran Lebowitz,K.G.F: Chapter 2,Deaths in 2021,Josh Hawley,Josh Allen (quarterback),Mercy dog,Elizabeth II,Phoebe Dynevor,Cleopatra,Philip Rivers,Cobra Kai,Sriwijaya Air Flight 182,David Bowie,Louie Barry,Jake Angeli,Lupin (TV series),XXXX,Alex Trebek,Joe Biden,The Queen's Gambit (miniseries),RuPaul's Drag Race (season 13),Sriwijaya Air,Charles Sobhraj,Royal Rumble (2021),Anya Taylor-Joy,John Wolford,Olivia Wilde,Tenet (film),"Prince Philip, Duke of Edinburgh",2020 United States presidential election,Twenty-fifth Amendment to the United States Constitution,Emile Smith Rowe,2021-01-09
Wiki trends,Taylor Heinicke,Parler,Donald Trump,QAnon,Marine A.F.C.,Elon Musk,Bridgerton,2021 storming of the United States Capitol,Signal (software),Insurrection Act of 1807,Mark Wright (TV personality),Regé-Jean Page,Arnold Schwarzenegger,Fran Lebowitz,Bible,Gab (social network),Pieces of a Woman,Crawley Town F.C.,L. Lin Wood,Charles Sobhraj,Tom Brady,Deaths in 2021,Lupin (TV series),Antifa (United States),Elizabeth II,Lamar Jackson,Cleopatra,Cobra Kai,WandaVision,Manti Te'o,Sriwijaya Air Flight 182,Nancy Pelosi,David Bowie,Drew Brees,XXXX,The Queen's Gambit (miniseries),Phoebe Dynevor,Northern Premier League,Tenet (film),"Princess Margaret, Countess of Snowdon",Wonder Woman 1984,Martial law,K.G.F: Chapter 2,"Prince Philip, Duke of Edinburgh",Tom Flores,Josh Hawley,The Weeknd,Soul (2020 film),Joe Biden,Norman Lear,2021-01-10
Wiki trends,Insurrection Act of 1807,Parler,Donald Trump,Executive Order 13959,2021 storming of the United States Capitol,Nancy Pelosi,QAnon,Ben Roethlisberger,Elon Musk,Bridgerton,Signal (software),Arnold Schwarzenegger,Bible,Martial law,The Transformers: The Movie,Baker Mayfield,Regé-Jean Page,Fran Lebowitz,Deaths in 2021,Gab (social network),The Pembrokeshire Murders,Microsoft Office,John Cooper (serial killer),William Joseph Burns,Tony Romo,Cleopatra,Hanuma Vihari,Cleveland Browns,Twenty-fifth Amendment to the United States Constitution,Drew Brees,Armie Hammer,XXXX,Luke Evans,Olivia Rodrigo,Breathing,Martial law in the United States,Cobra Kai,Kim Cattrall,Kristallnacht,Elizabeth II,Susan Rosenberg,Antifa (United States),WandaVision,Pieces of a Woman,Phoebe Dynevor,Lupin (TV series),Joe Biden,Charles Sobhraj,Kamala Harris,Tiger Woods,2021-01-11
Wiki trends,Donald Trump,QAnon,Nick Saban,Executive Order 13959,Sheldon Adelson,Elon Musk,Parler,2021 storming of the United States Capitol,DeVonta Smith,Bridgerton,Bible,Swami Vivekananda,Signal (software),Liz Cheney,John Cooper (serial killer),Mac Jones,Deaths in 2021,Fran Lebowitz,Microsoft Office,Murder of Bobbie Jo Stinnett,Battle of the Alamo,Insurrection Act of 1807,Regé-Jean Page,Susan Rosenberg,Nancy Pelosi,Cleopatra,Steve Fossett,The Pembrokeshire Murders,Antifa (United States),XXXX,Luke Evans,American-British-Dutch-Australian Command,Olivia Rodrigo,College Football Playoff National Championship,Alabama Crimson Tide football,List of Presidential Medal of Freedom recipients,Cobra Kai,Presidential Medal of Freedom,Elizabeth II,WandaVision,Joe Biden,Lupin (TV series),Gab (social network),Miriam Adelson,Arnold Schwarzenegger,Real Sound: Kaze no Regret,.bf,Armie Hammer,F5 Networks,Telegram (software),2021-01-12
Wiki trends,Donald Trump,Murder of Bobbie Jo Stinnett,Liz Cheney,Impeachment in the United States,Impeachment of Donald Trump,Impeachment,Nancy Pelosi,Master (2021 film),QAnon,Elon Musk,John Cooper (serial killer),2021 storming of the United States Capitol,Bridgerton,Bible,Second impeachment of Donald Trump,Lauren Boebert,Dick Cheney,Teaching with Calvin and Hobbes,United States House of Representatives,Signal (software),Mary Cheney,Deaths in 2021,Richard Ramirez,Sheldon Adelson,Mitch McConnell,Jessica Campbell,Cleopatra,XXXX,Regé-Jean Page,Klete Keller,Fran Lebowitz,Twenty-fifth Amendment to the United States Constitution,Parler,Erwin Kreuz,Lohri,The Pembrokeshire Murders,Armie Hammer,Olivia Rodrigo,Microsoft Office,Impeachment of Bill Clinton,Executive Order 13959,United States presidential impeachment,Antifa (United States),Luke Evans,United States Senate,Steny Hoyer,First impeachment of Donald Trump,WandaVision,Lupin (TV series),Jim Jordan (American politician),2021-01-13
Wiki trends,Donald Trump,Richard Ramirez,Siegfried & Roy,Raising a Flag over the Reichstag,Second impeachment of Donald Trump,Armie Hammer,Impeachment,Impeachment in the United States,Impeachment of Donald Trump,Nancy Pelosi,QAnon,Elon Musk,Bridgerton,Bible,Master (2021 film),Makar Sankranti,John Cooper (serial killer),Liz Cheney,Murder of Bobbie Jo Stinnett,2021 storming of the United States Capitol,James Harden,Deaths in 2021,Lauren Boebert,Jessica Campbell,WandaVision,Marjorie Taylor Greene,Cleopatra,Elizabeth Smart,First impeachment of Donald Trump,Regé-Jean Page,XXXX,Fran Lebowitz,Klete Keller,Signal (software),Kidnapping of Elizabeth Smart,Joe Biden,Microsoft Office,Lupin (TV series),Urban Meyer,Hans Egede,Impeachment of Bill Clinton,Olivia Rodrigo,Elizabeth II,Kamala Harris,Pongal (festival),Parler,BF,Jack Dorsey,Martin Luther King Jr.,Dick Cheney,2021-01-14
Wiki trends,WandaVision,Richard Ramirez,James Naismith,Donald Trump,QAnon,Robert Saleh,Armie Hammer,Urban Meyer,Bridgerton,Siegfried & Roy,Dustin Diamond,Martin Luther King Jr.,Bible,Teri Hatcher,Elon Musk,Raising a Flag over the Reichstag,Wayne Rooney,Deaths in 2021,Mace of the United States House of Representatives,Master (2021 film),Elizabeth Olsen,Dolly Parton,Cleopatra,2021 storming of the United States Capitol,XXXX,Nancy Pelosi,Katie Price,Regé-Jean Page,Joe Biden,Lauren Boebert,Fran Lebowitz,Second impeachment of Donald Trump,The Saga Begins,Wikipedia,Ariel Pink,Minka Kelly,Army Day (India),Kamala Harris,Microsoft Office,Elizabeth II,Lupin (TV series),Olivia Rodrigo,Signal (software),Dwight Yorke,John Cooper (serial killer),Fred Rogers,Pulikkuthi Pandi,Death of Elisa Lam,Sylvain Sylvain,BF,2021-01-15
Wiki trends,Richard Ramirez,WandaVision,Bridgerton,Donald Trump,QAnon,Elizabeth Olsen,Dustin Higgs,Bible,Armie Hammer,UFC on ABC: Holloway vs. Kattar,Elon Musk,Death of JonBenét Ramsey,Sam Cooke,Deaths in 2021,Mike Lindell,BF,Regé-Jean Page,Aaron Rodgers,Fran Lebowitz,Glenn Hoddle,Peter Shilton,Elizabeth II,Cleopatra,John Bennett Ramsey,XXXX,Martin Luther King Jr.,Argentina v England (1986 FIFA World Cup),Max Holloway,One Night in Miami (film),Armin Laschet,Master (2021 film),Kamala Harris,Wayne Rooney,Lupin (TV series),Bigg Boss (Tamil season 4),Lenny Henry,Paul Bettany,Malcolm X,2021 storming of the United States Capitol,Benjamin de Rothschild,Joe Biden,Tandi Iman Dupree,Kash Patel,Jim Brown,The Queen's Gambit (miniseries),Outside the Wire,Wikipedia,Royal Rumble (2021),Signal (software),S.W.O.R.D. (comics),2021-01-16
Wiki trends,Phil Spector,Richard Ramirez,Lana Clarkson,WandaVision,Murder of Lana Clarkson,Chad Henne,Betty White,Bigg Boss (Tamil season 4),Kamala Harris,Bridgerton,Patrick Mahomes,QAnon,Josh Allen (quarterback),Donald Trump,Aaron Rodgers,Bible,How Could It Be,Elon Musk,Deaths in 2021,Max Holloway,Sam Cooke,Regé-Jean Page,Baker Mayfield,Fran Lebowitz,Elizabeth Olsen,BF,Lupin (TV series),Cleopatra,Drew Brees,Ronnie Spector,Lisztomania,XXXX,Elizabeth II,Tom Brady,Joe Biden,Malcolm X,Rebekah Vardy,Wall of Sound,Martin Luther King Jr.,Doug Emhoff,Buffalo Bills,Lamar Jackson,Armie Hammer,Tandav (TV series),Washington Sundar,List of Super Bowl champions,Jim Brown,Muhammad Ali,Jamie Raskin,Charles Sobhraj,2021-01-17
Wiki trends,Phil Spector,Drew Brees,Richard Ramirez,Martin Luther King Jr.,Lana Clarkson,Tom Brady,Kamala Harris,WandaVision,Martin Luther King Jr. Day,Murder of Lana Clarkson,Bridgerton,Betty White,Blue Monday (date),QAnon,Donald Trump,Tiger Woods,Bible,Keystone Pipeline,Chad Henne,Alexei Navalny,Deaths in 2021,Elon Musk,Joe Biden,James Earl Ray,Microsoft Office,Cleopatra,Malcolm X,Aaron Rodgers,Sam Cooke,Ronnie Spector,XXXX,Regé-Jean Page,BF,Mesut Özil,Doug Emhoff,Jameis Winston,Elizabeth II,Fran Lebowitz,Lupin (TV series),Devin White,Elizabeth Olsen,Patrick Mahomes,2021 storming of the United States Capitol,Brandon Staley,Marshall Ledbetter,Promising Young Woman,Parler,Kevin Porter Jr.,Tandav (TV series),Wikipedia,2021-01-18
Wiki trends,Richard Ramirez,Martin Luther King Jr.,Joe Biden,Donald Trump,Beau Biden,Rachel Levine,Kamala Harris,Stephanie Seymour,WandaVision,Phil Spector,Bridgerton,Ashley Biden,QAnon,Bible,Border–Gavaskar Trophy,Deaths in 2021,Microsoft Office,James Earl Ray,Peter Brant,Jared Porter,Melania Trump,Lil Wayne,List of people granted executive clemency by Donald Trump,Michael Boulos,Cleopatra,Elon Musk,XXXX,Tiger Woods,Inauguration of Joe Biden,Jill Biden,2019–21 ICC World Test Championship,BF,Regé-Jean Page,Malcolm X,Lupin (TV series),Mario Mandžukić,Shubman Gill,Martin Luther King Jr. Day,Sam Cooke,Lana Clarkson,Ana de Armas,Fran Lebowitz,Elizabeth II,Rishabh Pant,2021 storming of the United States Capitol,Mike Lindell,Drew Brees,List of presidents of the United States,Olivia Rodrigo,Wikipedia,2021-01-19
Wiki trends,Kamala Harris,Special:Search,Amanda Gorman,Donald Trump,Beau Biden,Jill Biden,Doug Emhoff,President of the United States,Ashley Biden,Hunter Biden,List of people granted executive clemency by Donald Trump,Family of Joe Biden,List of presidents of the United States,Family of Kamala Harris,Richard Ramirez,Number One Observatory Circle,United States presidential inauguration,Lady Gaga,Mike Pence,Donald J. Harris,Garth Brooks,Neilia Hunter Biden,Inauguration of Joe Biden,Jimmy Carter,Shyamala Gopalan,Barack Obama,Kerstin Emhoff,Lil Wayne,Melania Trump,Maya Harris,Tomb of the Unknown Soldier (Arlington),Meena Harris,George W. Bush,QAnon,Inauguration of Donald Trump,Steve Bannon,Bill Clinton,Nancy Pelosi,Vice President of the United States,Dan Quayle,Kwame Kilpatrick,George H. W. Bush,Joe Exotic,Rachel Levine,United States,Kodak Black,Jennifer Lopez,Glioblastoma,Jill Jacobs,President's Guest House,2021-01-20
Wiki trends,Joe Biden,Kamala Harris,Amanda Gorman,Jen Psaki,Donald Trump,Beau Biden,Jill Biden,Ashley Biden,Doug Emhoff,Hunter Biden,Keystone Pipeline,Richard Ramirez,Secret Service code name,Cesar Chavez,QAnon,Neilia Hunter Biden,Family of Joe Biden,Donald J. Harris,Barack Obama,Maya Harris,President of the United States,Bernie Sanders,Family of Kamala Harris,List of presidents of the United States,Bill Clinton,Shyamala Gopalan,Number One Observatory Circle,Meena Harris,Kerstin Emhoff,Avril Haines,Lady Gaga,George W. Bush,Melania Trump,The Hill We Climb,Jon Bon Jovi,Bible,Jimmy Carter,1776 Commission,Steve Jobs,Bridgerton,Mike Pence,WandaVision,Deaths in 2021,Microsoft Office,Howard Krein,Paris Agreement,Inauguration of Donald Trump,George H. W. Bush,Jon Ossoff,Joe Exotic,2021-01-21
Wiki trends,Hank Aaron,Joe Biden,Kamala Harris,Jen Psaki,Donald Trump,Richard Ramirez,Amanda Gorman,Bernie Sanders,WandaVision,QAnon,Jill Biden,Beau Biden,Keystone Pipeline,Lloyd Austin,Ashley Biden,Mira Furlan,Bible,Fate: The Winx Saga,Bridgerton,Cesar Chavez,Doug Emhoff,Deaths in 2021,Elon Musk,Hunter Biden,Cleopatra,XXXX,Conor McGregor,Julie Payette,Dan Campbell,UFC 257,Barack Obama,List of presidents of the United States,Marjorie Taylor Greene,Microsoft Office,Melania Trump,Tim Schafer,Dustin Poirier,Neil Diamond,Neilia Hunter Biden,President of the United States,Mathew Ryan,Stephen Curry,Narendra Chanchal,Fran Lebowitz,Gwen Stefani,Resident Evil Village,Elizabeth II,Subhas Chandra Bose,Anthony Fauci,Regé-Jean Page,2021-01-22
Wiki trends,Special:Search,Hank Aaron,Joe Biden,Richard Ramirez,Kamala Harris,WandaVision,Subhas Chandra Bose,Bernie Sanders,Fate: The Winx Saga,JoJo Siwa,UFC 257,Donald Trump,Conor McGregor,Bridgerton,Bible,Deaths in 2021,The White Tiger (film),Jill Biden,Elon Musk,Dustin Poirier,Beau Biden,Sylvia Browne,QAnon,Keystone Pipeline,Jen Psaki,Amanda Gorman,Cleopatra,Alexei Navalny,XXXX,Winx Club,Ashley Biden,Lloyd Austin,List of Winx Club characters,Lenny Henry,Lupin (TV series),Hunter Biden,Fran Lebowitz,Elizabeth Olsen,Elizabeth II,Doug Emhoff,It's a Sin (TV series),Regé-Jean Page,Madison Cawthorn,RuPaul's Drag Race (season 13),Royal Rumble (2021),Sam Cooke,Aston Merrygold,Anne-Marie,Melania Trump,Microsoft Office,2021-01-23
Wiki trends,Larry King,UFC 257,Conor McGregor,Dustin Poirier,Lilith,Tom Brady,Michael Chandler,Aaron Rodgers,Richard Ramirez,Joe Biden,Fate: The Winx Saga,Kamala Harris,Khabib Nurmagomedov,Godzilla vs. Kong,Salt-N-Pepa,WandaVision,Donald Trump,Bernie Sanders,Bridgerton,Bible,JoJo Siwa,The White Tiger (film),Salt (rapper),Dan Hooker,Deaths in 2021,Hank Aaron,Elon Musk,Alexei Navalny,Cleopatra,List of Super Bowl champions,Josh Allen (quarterback),XXXX,Pepa (rapper),Tampa Bay Buccaneers,Winx Club,Hurby Azor,Madison Cawthorn,Patrick Mahomes,List of Winx Club characters,Lupin (TV series),Jill Biden,QAnon,Fran Lebowitz,It's a Sin (TV series),Regé-Jean Page,Elizabeth II,Keystone Pipeline,List of National Basketball Association career 3-point scoring leaders,Ted Cruz,Matthew Stafford,2021-01-24
Wiki trends,Patrick Mahomes,Tom Brady,Thomas Tuchel,Godzilla vs. Kong,List of Super Bowl champions,Larry King,Republic Day (India),Richard Ramirez,Josh Allen (quarterback),Joe Biden,Fate: The Winx Saga,Super Bowl LV,"File:U.S. states by GDP per capita, 2017.jpg",Song Yoo-jung,Donald Trump,Tyreek Hill,Super Bowl LIV,WandaVision,Aaron Rodgers,Bible,Deaths in 2021,Conor McGregor,Frank Lampard,Bridgerton,Kamala Harris,Super Bowl,Dustin Poirier,Tampa Bay Buccaneers,Travis Kelce,Cleopatra,Elon Musk,JoJo Siwa,Varun Dhawan,Bernie Sanders,Microsoft Office,Andy Reid,Godzilla: King of the Monsters (2019 film),Travis Barker,The White Tiger (film),XXXX,Katie Price,Jen Psaki,Rob Gronkowski,The Weeknd,Bridget Moynahan,Kansas City Chiefs,Pat Mahomes,Beau Biden,MonsterVerse,YouTube,2021-01-25
Wiki trends,Larry Hillblom,Republic Day (India),Kobe Bryant,Richard Ramirez,Tom Brady,Thomas Tuchel,Bible,Joe Biden,Fate: The Winx Saga,Donald Trump,Godzilla vs. Kong,Harriet Tubman,Deaths in 2021,Larry King,Royal Rumble (2021),Bridgerton,Janet Yellen,Cleopatra,Ben Askren,Microsoft Office,WandaVision,Elon Musk,Australia Day,Kamala Harris,Jen Psaki,XXXX,Vipeholm experiments,JoJo Siwa,Natasha Dalal,Patrick Mahomes,Elliot Page,The White Tiger (film),QAnon,Andrew Jackson,Patrick Leahy,F5 Networks,Doordarshan,2020–2021 Indian farmers' protest,Song Yoo-jung,Filibuster in the United States Senate,Chuck Schumer,Bernie Sanders,Melvin Capital,BBC World Service,Antony Blinken,Murder of Junko Furuta,YouTube,Conor McGregor,Elizabeth II,Winx Club,2021-01-26
Wiki trends,Cloris Leachman,Melvin Capital,Elliot Page,Richard Ramirez,Thomas Tuchel,Halsey (singer),Bible,Deaths in 2021,Tutankhamun's meteoric iron dagger,Joe Biden,Josh Heupel,Kobe Bryant,GameStop,Donald Trump,Elon Musk,Fate: The Winx Saga,Microsoft Office,Chamath Palihapitiya,Cleopatra,Bridgerton,Godzilla,Godzilla vs. Kong,R/WallStreetBets,XXXX,Short squeeze,Chad Wheeler,Marjorie Taylor Greene,WandaVision,Tom Brady,Curt Schilling,Georgy Zhukov,Tulsi Gabbard,QAnon,Martin Ødegaard,Kamala Harris,Kompromat,Antony Blinken,Patrick Leahy,F5 Networks,YouTube,Ben Askren,John DeLorean,Emma Portner,The White Tiger (film),Zlatan Ibrahimović,Royal Rumble (2021),Larry King,Elizabeth II,Wikipedia,Jen Psaki,2021-01-27
Wiki trends,Cloris Leachman,Melvin Capital,Robinhood (company),David Culley,Marjorie Taylor Greene,GameStop short squeeze,GameStop,Bible,Richard Ramirez,Deaths in 2021,Bridgerton,Cloris Leachman credits,Hedge fund,Chad Wheeler,Short squeeze,Elon Musk,Cleopatra,Joe Biden,Citadel LLC,Halsey (singer),Pamela Anderson,Chamath Palihapitiya,Microsoft Office,R/WallStreetBets,Donald Trump,Fate: The Winx Saga,XXXX,QAnon,WandaVision,Godzilla vs. Kong,George Englund,Short (finance),Space Shuttle Challenger disaster,Larry King,Dogecoin,Jen Psaki,F5 Networks,Elliot Page,R/wallstreetbets,Kaja Kallas,Reddit,Kamala Harris,Vladimir Tenev,Regé-Jean Page,Elizabeth II,YouTube,Tom Brady,Thomas Tuchel,Wikipedia,True Beauty (South Korean TV series),2021-01-28
Wiki trends,Special:Search,Dogecoin,GameStop short squeeze,WandaVision,Marjorie Taylor Greene,G-Eazy,Miles Davis,Vladimir Tenev,Melvin Capital,Robinhood (company),GameStop,Cloris Leachman,Jen Psaki,Elon Musk,Sutton Hoo,Bible,Deaths in 2021,The Dig (2021 film),Bridgerton,Richard Ramirez,Master (2021 film),Hedge fund,Cleopatra,Amur and Timur,Edith Pretty,The Little Things (2021 film),QAnon,XXXX,Joe Biden,Alexandria Ocasio-Cortez,Donald Trump,Basil Brown,Fate: The Winx Saga,Citadel LLC,Short squeeze,R/wallstreetbets,Kamala Harris,Baiju Bhatt,Microsoft Office,Godzilla vs. Kong,Armie Hammer,Short (finance),Chamath Palihapitiya,Royal Rumble (2021),F5 Networks,Elizabeth II,Reddit,It's a Sin (TV series),Novavax,Geneo Grissom,2021-01-29
Wiki trends,Sophie (musician),G-Eazy,Cicely Tyson,Sutton Hoo,The Dig (2021 film),The Little Things (2021 film),Edith Pretty,WandaVision,Basil Brown,Marjorie Taylor Greene,Bible,Bridgerton,Richard Ramirez,Royal Rumble (2021),Elon Musk,Deaths in 2021,Onion Futures Act,Dogecoin,GameStop short squeeze,QAnon,Morten Harket,Master (2021 film),Carey Mulligan,Cleopatra,Lily James,Margaret Guido,Rami Malek,XXXX,Joe Biden,Jared Leto,Fate: The Winx Saga,Lenny Henry,GameStop,Hitler's prophecy,RuPaul's Drag Race (season 13),Ralph Fiennes,Donald Trump,File:TheCoupCoverLarge.jpg,Melvin Capital,Pirates of the Caribbean (film series),Elizabeth II,The White Tiger (film),Henry Waxman,It's a Sin (TV series),Godzilla vs. Kong,Microsoft Office,Kamala Harris,Denzel Washington,Stuart Piggott,Jordan Belfort,2021-01-30
Wiki trends,Sophie (musician),Sutton Hoo,The Dig (2021 film),Royal Rumble (2021),The Little Things (2021 film),Edith Pretty,Basil Brown,Matthew Stafford,WandaVision,Machine Gun Kelly (musician),Cicely Tyson,Jared Goff,Bible,Marjorie Taylor Greene,Bridgerton,Richard Ramirez,"Ben Davies (footballer, born 1995)",Hohmann transfer orbit,Deaths in 2021,Elon Musk,QAnon,Cleopatra,Wendy Williams,Master (2021 film),Lily James,John Krasinski,Carey Mulligan,GameStop short squeeze,Margaret Guido,XXXX,Rami Malek,Jared Leto,Fran Lebowitz,Fate: The Winx Saga,Donald Trump,Melvin Capital,Joe Biden,Tom Brady,Ralph Fiennes,Elizabeth II,"Piers Gaveston, 1st Earl of Cornwall",Stanley Tucci,Attack on Titan (season 4),Emily Blunt,Microsoft Office,Dogecoin,California genocide,It's a Sin (TV series),Regé-Jean Page,The Queen's Gambit (miniseries),2021-01-31
Wiki trends,Royal Rumble (2021),Dustin Diamond,Myanmar,Aung San Suu Kyi,Marilyn Manson,Evan Rachel Wood,Min Aung Hlaing,Sutton Hoo,The Dig (2021 film),"Ben Davies (footballer, born 1995)",2021 Myanmar coup d'état,The Little Things (2021 film),Bible,WandaVision,Sophie (musician),Freddie Mercury,Ozan Kabak,Small-cell carcinoma,Deaths in 2021,Basil Brown,Edith Pretty,Elon Musk,Bridgerton,Cicely Tyson,Richard Ramirez,Marjorie Taylor Greene,Donald Trump,Cleopatra,Tony Bennett,Machine Gun Kelly (musician),Saved by the Bell,Edge (wrestler),Nirmala Sitharaman,Groundhog Day,Microsoft Office,Royal Rumble,Bianca Belair,XXXX,Eddie Izzard,GameStop short squeeze,QAnon,Myint Swe (general),Tom Llamas,Joe Biden,Mark-Paul Gosselaar,Tom Brady,Rami Malek,Matthew Stafford,Melvin Capital,Jamie Bell,2021-02-01
Wiki trends,Dustin Diamond,Captain Tom,Marilyn Manson,Groundhog Day,Evan Rachel Wood,Hal Holbrook,Myanmar,Marjorie Taylor Greene,Andy Jassy,Bible,Aung San Suu Kyi,Groundhog Day (film),Elon Musk,Deaths in 2021,Punxsutawney Phil,Jeff Bezos,WandaVision,Sutton Hoo,Dixie Carter,Cleopatra,The Dig (2021 film),Cynthia Rowley,Royal Rumble (2021),Small-cell carcinoma,Bridgerton,2021 Myanmar coup d'état,Silentó,Min Aung Hlaing,Tony Bennett,Alexandria Ocasio-Cortez,Basil Brown,Richard Ramirez,Sophie (musician),Edith Pretty,List of organisms named after famous people,Jordan Belfort,The Little Things (2021 film),XXXX,Saved by the Bell,Severe acute respiratory syndrome coronavirus 2,Jen Psaki,Donald Trump,Ozan Kabak,Microsoft Office,Jared Isaacman,Colgate University,"Ben Davies (footballer, born 1995)",Dita Von Teese,Alexei Navalny,F5 Networks,2021-02-02
Wiki trends,Captain Tom,Andy Jassy,Jeff Bezos,Marjorie Taylor Greene,Dustin Diamond,Marilyn Manson,Bible,Elon Musk,Deaths in 2021,Rihanna,78th Golden Globe Awards,Hal Holbrook,Groundhog Day,WandaVision,Cleopatra,Myanmar,QAnon,Evan Rachel Wood,Morgan Wallen,Bridgerton,Shailene Woodley,Aung San Suu Kyi,The Dig (2021 film),Sutton Hoo,Mario Draghi,Jen Psaki,XXXX,Microsoft Office,Donald Trump,Groundhog Day (film),Richard Ramirez,Alexei Navalny,Joe Biden,Tom Brady,F5 Networks,XXX,The Little Things (2021 film),The Expanse (TV series),Basil Brown,Edith Pretty,Elizabeth II,Min Aung Hlaing,Wikipedia,Dixie Carter,John Caudwell,YouTube,2020–2021 Indian farmers' protest,Alexandria Ocasio-Cortez,2021 Myanmar coup d'état,Pronay Halder,2021-02-03
Wiki trends,Marjorie Taylor Greene,Bible,Marilyn Manson,QAnon,Vince Lombardi,Deaths in 2021,Morgan Wallen,Elon Musk,Microsoft Office,Rihanna,Captain Tom,WandaVision,Cleopatra,Greta Thunberg,Liz Cheney,Bridgerton,Dustin Diamond,Dogecoin,XXXX,Keynesian beauty contest,XXX,BF,William Whipple,DeepFuckingValue,Jeff Bezos,The Dig (2021 film),Firefly Lane,Proud Boys,Sutton Hoo,Tom Brady,2020–2021 Indian farmers' protest,Donald Trump,Evan Rachel Wood,Shailene Woodley,Joe Biden,Richard Ramirez,F5 Networks,Lil Uzi Vert,Myanmar,Katherine Heigl,Jesse Lingard,Aung San Suu Kyi,True Beauty (South Korean TV series),Wikipedia,YouTube,JoJo Siwa,Jen Psaki,The Little Things (2021 film),Mia Khalifa,Elizabeth II,2021-02-04
Wiki trends,Christopher Plummer,Marjorie Taylor Greene,WandaVision,Amanda Plummer,Christopher Plummer filmography,Bible,QAnon,Deaths in 2021,Tom Brady,Marilyn Manson,Elaine Taylor (actress),BF,Microsoft Office,Firefly Lane,Cleopatra,Elon Musk,The Dig (2021 film),Bridgerton,Tammy Grimes,Cristiano Ronaldo,Sutton Hoo,Evan Peters,XXXX,XXX,Katherine Heigl,Joe Root,Donald Trump,Rihanna,Patrick Mahomes,Tyler Reks,The Weeknd,Morgan Wallen,Malcolm & Marie,Joe Biden,F5 Networks,Greta Thunberg,Dogecoin,Super Bowl LV,Richard Ramirez,Julie Andrews,The Sound of Music (film),Elizabeth II,Regé-Jean Page,Anna Nicole Smith,Wikipedia,True Beauty (South Korean TV series),2020–2021 Indian farmers' protest,Bart vs. Australia,Elizabeth Olsen,Quicksilver (comics),2021-02-05
Wiki trends,Christopher Plummer,WandaVision,Anna Nicole Smith,Gabrielle (singer),Amanda Plummer,Armie Hammer,Bible,Christopher Plummer filmography,The Dig (2021 film),Tom Brady,Sutton Hoo,Deaths in 2021,BF,Marjorie Taylor Greene,Firefly Lane,Lou Dobbs,Munich air disaster,Elaine Taylor (actress),Caligula,Malcolm & Marie,Bridgerton,Cleopatra,Julie Andrews,Marilyn Manson,Katherine Heigl,Andy Reid,Elizabeth Olsen,Elon Musk,Ronnie O'Sullivan,Laila Rouass,RuPaul's Drag Race (season 13),Edith Pretty,Sally Thomsett,Patrick Mahomes,XXX,Basil Brown,QAnon,Lorenzen Wright,Tammy Grimes,Zendaya,Evan Peters,Elizabeth II,Scarlet Witch,Joe Root,XXXX,Quicksilver (comics),Microsoft Office,The Sound of Music (film),The Weeknd,Super Bowl LV,2021-02-06
Wiki trends,Patrick Mahomes,Tom Brady,Shailene Woodley,Dan Levy (Canadian actor),Super Bowl LV,H.E.R.,WandaVision,Aaron Rodgers,The Weeknd,Leon Spinks,Phoebe Bridgers,Christopher Plummer,List of Super Bowl champions,Freddie Mercury,Super Bowl,Bible,Rob Gronkowski,UFC Fight Night: Overeem vs. Volkov,The Dig (2021 film),Dogecoin,Deaths in 2021,Armie Hammer,Sutton Hoo,Eugene Levy,Firefly Lane,Gehana Vasisth,Super Bowl LIV,Pat Mahomes,Tampa Bay Buccaneers,Bridgerton,Elon Musk,Cleopatra,Malcolm & Marie,Alexander Volkov (fighter),Alistair Overeem,XXX,Katherine Heigl,List of Super Bowl halftime shows,George Shultz,Whitney Houston,Cory Sandhagen,Gisele Bündchen,Anna Nicole Smith,Edith Pretty,Andy Reid,Peyton Manning,Elizabeth II,Zendaya,Phil Foden,Basil Brown,2021-02-07
Wiki trends,The Weeknd,Special:Search,Rob Gronkowski,Patrick Mahomes,Super Bowl LV,Tampa Bay Buccaneers,Gisele Bündchen,List of Super Bowl halftime shows,List of Super Bowl champions,Antonio Brown,Bruce Arians,Bridget Moynahan,Super Bowl,Super Bowl LIV,Texas's 6th congressional district,Leonard Fournette,Shailene Woodley,Malcolm Glazer,Peyton Manning,Tyrann Mathieu,Vince Lombardi,Super Bowl LIII,Jason Pierre-Paul,Camille Kostek,Super Bowl XXXVII,WandaVision,Pat Mahomes,Ron Wright (politician),Raymond James Stadium,Bible,Super Bowl LI,Dogecoin,Gwen Stefani,Sarah Thomas (American football official),Super Bowl LV halftime show,Byron Leftwich,Pedro Gomez (journalist),Ndamukong Suh,Joel Glazer,Deaths in 2021,Aaron Rodgers,Super Bowl XLIX,Elon Musk,Mila Kunis,Ashton Kutcher,The Equalizer (2021 TV series),Super Bowl XXXVI,Andy Reid,Queen Latifah,H.E.R.,2021-02-08
Wiki trends,Rajiv Kapoor,Tom Brady,Mary Wilson (singer),The Weeknd,Rob Gronkowski,Jamie Raskin,Bible,Ghulam Nabi Azad,Deaths in 2021,WandaVision,Marty Schottenheimer,Britney Spears,The Supremes,Elon Musk,Diana Ross,Gisele Bündchen,Bruce Castor,Shailene Woodley,Florence Ballard,XXX,Super Bowl LV,Microsoft Office,Raj Kapoor,Randhir Kapoor,Patrick Mahomes,Cleopatra,Bridget Moynahan,The Sinner (TV series),Kapoor family,Dogecoin,Elimination Chamber (2021),Joe Neguse,USS New York (LPD-21),Armie Hammer,XXXX,Donald Trump,Rishi Kapoor,YouTube,Firefly Lane,Altamura Man,List of Super Bowl champions,Bridgerton,F5 Networks,Bitcoin,Aaron Rodgers,Wikipedia,Apollo 14,Ron Wright (politician),Dan Levy (Canadian actor),List of Super Bowl halftime shows,2021-02-09
Wiki trends,Rajiv Kapoor,Jamie Raskin,Tom Brady,Death of Elisa Lam,Cecil Hotel (Los Angeles),Bible,Joe Neguse,Stacey Plaskett,Britney Spears,Deaths in 2021,List of deaths and violence at the Cecil Hotel,WandaVision,Mary Wilson (singer),Elon Musk,Cleopatra,Microsoft Office,Rob Gronkowski,The Weeknd,Aunt Jemima,The Sinner (TV series),Donald Trump,XXXX,Kidnapping of Shannon Matthews,Nick Kyrgios,XXX,Bruce Castor,Joss Whedon,F5 Networks,Kapoor family,Tasuku Honjo,Scaly-foot snail,Boris Pasternak,Richard Ramirez,YouTube,Valentine's Day,Shailene Woodley,Wikipedia,Bridgerton,Firefly Lane,Dogecoin,Marty Schottenheimer,Raj Kapoor,Mark Cuban,Katherine Heigl,The Supremes,Ghulam Nabi Azad,Elizabeth II,Randhir Kapoor,Charisma Carpenter,Eric Swalwell,2021-02-10
Wiki trends,Chinese New Year,Death of Elisa Lam,Cecil Hotel (Los Angeles),WandaVision,Gina Carano,Chick Corea,Lunar New Year,List of deaths and violence at the Cecil Hotel,Britney Spears,Ox (zodiac),Bible,Deaths in 2021,J. J. Watt,Elon Musk,Whitney Wolfe Herd,Microsoft Office,Jamie Raskin,Judas and the Black Messiah,Tom Brady,Valentine's Day,Nick Kyrgios,Cleopatra,Richard Ramirez,Paul Reubens,Fred Hampton,Shelley Duvall,XXXX,To All the Boys: Always and Forever,Donald Trump,Stacey Plaskett,Tasuku Honjo,Bam Margera,Taylor Swift,The Sinner (TV series),F5 Networks,Joss Whedon,Dominic Thiem,Wikipedia,Elizabeth Olsen,Rajiv Kapoor,YouTube,Chinese zodiac,Larry Flynt,Bridgerton,Super Bowl XXXVIII halftime show controversy,2021 Australian Open – Men's Singles,Abraham Lincoln,Eli Soriano,Joe Biden,Rob Gronkowski,2021-02-12
